{"cameraMode":{"drawMode":0,"name":"Shaded","section":"Shading Mode"},"sceneLighting":true,"audioPlay":false,"sceneViewState":{"showFog":true,"showMaterialUpdate":false,"showSkybox":true,"showFlares":true,"showImageEffects":true,"showParticleSystems":true},"in2DMode":false,"pivot":{"x":0.7511000037193298,"y":1.3636000156402588,"z":-0.5067999958992004},"rotation":{"x":-6.220529424894039e-9,"y":0.17312432825565339,"z":5.517512846608952e-8,"w":0.9849000573158264},"size":1.0347938537597657,"orthographic":true}