{"cameraMode":{"drawMode":2,"name":"Shaded Wireframe","section":"Shading Mode"},"sceneLighting":true,"audioPlay":false,"sceneViewState":{"showFog":true,"showMaterialUpdate":false,"showSkybox":true,"showFlares":true,"showImageEffects":true,"showParticleSystems":true},"in2DMode":false,"pivot":{"x":7.540187835693359,"y":-0.9050140380859375,"z":-1.9805288314819337},"rotation":{"x":-0.1034061387181282,"y":0.3218194544315338,"z":-0.035383787006139758,"w":-0.9404719471931458},"size":26.736963272094728,"orthographic":false}